sft1,sft2
3-matic,3-Matic
3D-Slicer,3D Slicer
ANSYS Fluent,ANSYS FLUENT
ANTs,ANTS
ASReml,ASREML
Abaqus,ABAQUS
Actilife,ActiLife
Adaboost,AdaBoost
Adonis,ADONIS
Amos,AMOS
Anaconda,ANACONDA
Ansys,ANSYS
ArcGIS,ARCGIS
ArcGis,ARCGIS
Arcgis,ARCGIS
Atlas.ti,ATLAS.ti
Avizo,AVIZO
BEAUti,BEAUTi
BWA mem,BWA MEM
BWA-MEM,BWA MEM
BWA-mem,BWA MEM
BayeScan,BAYESCAN
BayesAss,BAYESASS
Bayescan,BAYESCAN
Beagle,BEAGLE
BiNGO,BINGO
BinGO,BINGO
Bingo,BINGO
BioNJ,BIONJ
Bioclim,BIOCLIM
Bioperl,BioPerl
Biotools,BioTools
Biotyper,BioTyper
BootScan,BOOTSCAN
Bootscan,BOOTSCAN
Bottleneck,BOTTLENECK
CD-search,CD-Search
CELLQuest,CELLQUEST
CTan,CTAn
CTvox,CTVox
Calm,CALM
Canoco,CANOCO
Cap3,CAP3
Capture,CAPTURE
CellQuest,CELLQUEST
Cervus,CERVUS
ChAMP,CHAMP
Chart,CHART
ChromoPainter,CHROMOPAINTER
CodeML,CODEML
Combat,ComBat
Comsol,COMSOL
Consurf,ConSurf
CorelDraw,CorelDRAW
Cutadapt,CutAdapt
DNAman,DNAMAN
Darwin,DARwin
Deeplab,DeepLab
Dialign,DIALIGN
DichroWeb,DICHROWEB
Distruct,DISTRUCT
Diva,DIVA
Dragon,DRAGON
EEGlab,EEGLAB
ESTscan,ESTScan
Easyfig,EasyFig
EchoPac,EchoPAC
Epi,EPI
Epi data,Epi Data
Epi-data,Epi Data
Epic,EPIC
Epidat,EPIDAT
Epidata,EpiData
Esri ArcGIS,ESRI ArcGIS
Evolview,EvolView
Excel,EXCEL
Expander,EXPANDER
Fgenesh,FGENESH
Fiji,FiJi
Fiji ImageJ,FIJI/ImageJ
Fragstats,FRAGSTATS
Fstat,FSTAT
G-Power,G*Power
G-power,G*Power
Garli,GARLI
Gblocks,GBLOCKS
Gbrowse,GBrowse
Geant4,GEANT4
GeneMapper,GENEMAPPER
GeneScan,GENESCAN
Geneconv,GENECONV
Geneland,GENELAND
Genepix,GenePix
Genetix,GENETIX
Genetyx,GENETYX
GenoDive,GENODIVE
Gimp,GIMP
GoogleNet,GoogLeNet
Gorilla,GOrilla
Gpower,GPower
Grafit,GraFit
Graphviz,GraphViz
G∗Power,G*Power
HHblits,HHBlits
HHsearch,HHSearch
HMMer,HMMER
Haddock,HADDOCK
Haploview,HAPLOVIEW
Hex,HEX
Hotnet2,HotNet2
HyPhy,HYPHY
IQ-Tree,IQ-TREE
IQTree,IQTREE
IQtree,IQTREE
Igor,IGOR
Imagene,ImaGene
Image‐Pro Plus,Image-Pro Plus
Impute2,IMPUTE2
Infomap,InfoMap
Inparanoid,InParanoid
Instat,InStat
Isomap,ISOMAP
Java,JAVA
KM-plotter,KM plotter
LAS-AF,LAS AF
Labchart,LabChart
Labworks,LabWorks
Lisrel,LISREL
MCMCtree,MCMCTree
MClust,MCLUST
MEGA-X,MEGA X
MFold,MFOLD
MS-Excel,MS Excel
Manta,MANTA
MapMaker,MAPMAKER
Mapmaker,MAPMAKER
Mapman,MapMan
Marsbar,MarsBaR
Matlab script,MATLAB script
Matlab/Simulink,MATLAB/Simulink
Maven,MAVEN
MaxEnt,MAXENT
MaxQDA,MAXQDA
MeV,MEV
Medusa,MEDUSA
Mega,MEGA
Megalign,MegAlign
Meshlab,MeshLab
Mesquite,MESQUITE
Metscape,MetScape
Mev,MEV
Mfold,MFOLD
MiST,MIST
Micro-Checker,MICRO-CHECKER
Migrate,MIGRATE
Modeltest,MODELTEST
Modfit,ModFit
Molrep,MOLREP
Mrbayes,MrBayes
Multalin,MultAlin
Multiz,MULTIZ
Mummer,MUMmer
NNSplice,NNSPLICE
Network,NETWORK
NewHybrids,NEWHYBRIDS
Nucmer,NUCmer
Octopus,OCTOPUS
Olex2,OLEX2
Omnic,OMNIC
PSI-Blast,PSI-BLAST
Perl,PERL
Perl script,PERL script
Phase,PHASE
Phyml,PhyML
PopArt,PopART
Praat,PRAAT
ProSA,PROSA
Probcons,ProbCons
Proteus,PROTEUS
Provean,PROVEAN
Psipred,PSIPRED
QGis,QGIS
Quanto,QUANTO
R commander,R Commander
R studio,R Studio
R-Studio,R Studio
R-script,R script
R-studio,R Studio
RNAfold,RNAFold
RNAhybrid,RNAHybrid
Rasmol,RasMol
Refseq,RefSeq
Resfinder,ResFinder
S-Plus,S-PLUS
SPSS Amos,SPSS AMOS
SatScan,SaTScan
Scala,SCALA
Search,SEARCH
Sedfit,SEDFIT
Seqman,SeqMan
Sequest,SEQUEST
SiScan,SISCAN
Sift,SIFT
Simca-P,SIMCA-P
Simplot,SimPlot
Sirius,SIRIUS
Skyscan,SkyScan
Softworx,SoftWoRx
Stata/IC,STATA/IC
Stata/MP,STATA/MP
Stata/SE,STATA/SE
Structure,STRUCTURE
Sybyl,SYBYL
Sybyl-X,SYBYL-X
TRaCE,TRACE
Tandem,TANDEM
Tassel,TASSEL
TomTom,TOMTOM
Tomtec,TomTec
Tomtom,TOMTOM
Topas,TOPAS
Tracer,TRACER
Tree-Puzzle,TREE-PUZZLE
TreeMix,TREEMIX
Treefinder,TreeFinder
Turbomole,TURBOMOLE
Uclust,UCLUST
Unet,UNet
Usearch,USEARCH
Venny,VENNY
Verify3D,VERIFY3D
Vicon,VICON
WinPepi,WINPEPI
Winsteps,WINSTEPS
Xcalibur,XCalibur
Xplor-NIH,XPLOR-NIH
Zemax,ZEMAX
Zen,ZEN
adonis,ADONIS
ape,APE
bcftools,BCFtools
bismark,Bismark
bwa mem,BWA MEM
bwa-mem,BWA MEM
car,CAR
caret,Caret
cd-hit-est,CD-HIT-EST
cpptraj,CPPTRAJ
eXpress,Express
fastStructure,fastSTRUCTURE
fastx,FASTX
gamlss,GAMLSS
gcc,GCC
gcrma,GCRMA
glm,GLM
glmnet,Glmnet
heatmap,HeatMap
hmmsearch,HMMsearch
inForm,InForm
jModelTest,JMODELTEST
keras,Keras
lavaan,Lavaan
mFold,MFOLD
maps,MAPS
mclust,MCLUST
mega,MEGA
mfold,MFOLD
mice,MICE
msconvert,MSConvert
mySQL,MySQL
nucmer,NUCmer
pLink,PLINK
perl,PERL
phrap,Phrap
pls,PLS
psi-blast,PSI-BLAST
pythia,Pythia
rstan,RStan
sPLS,SPLS
samtools mpileup,SAMtools mpileup
scanpy,Scanpy
shiny,Shiny
smartpca,SMARTPCA
tBLASTx,TBLASTX
tBlastn,TBLASTN
tblastx,TBLASTX
uclust,UCLUST
viewer,Viewer
vsearch,VSEARCH
